{
    "tohoku" : {
      "title": "表東北地方 スギ林分密度管理図",
      "number": 1,
      "SH": {
        "YieldModelType": "S",
        "SAType": "2021",
    
        "SDMD": {
          "H": [24.72, -1.066, -0.0348, 1],
          "V": [0.057326, -1.38938, 6475.4, -2.902205],
          "NRf": 5.33888,
          "DBH": [0.113656, 0.995045, -0.057512],
          "HF": [0.723894, 0.410411, 0.15519]
        }
      }
    },
    "kyushuShikoku" : {
      "title": "九州四国地方 広葉樹(クヌギ・ナラ類)林分密度管理図",
      "number": 22,
      "SH": {
        "YieldModelType": "S",
        "SAType": "2021",
    
        "SDMD": {
          "H": [24.72, -1.066, -0.0348, 1],
          "V": [0.9756, -1.0974, 9062.0, -4.869785],
          "NRf": 5.370947,
          "DBH": [0.193943, 0.987164],
          "HF": [0.650787, 0.417356, 0.138768]
        }
      }
  }
}
